"0","#| layout-ncol: 2"
"0","#| layout-nrow: 2"
"0",""
"0",""
"0","for (diet in 1:4){"
"0","  chicks_level <- chicks[chicks[,""Diet""] == diet,]"
"0","  plot("
"0","    main = paste(""Diet"" , as.character(diet)),"
"0","    x = chicks_level$Time,"
"0","    y = chicks_level$weight,"
"0","    col = diet,"
"0","    pch = 14 + diet,"
"0","    type = ""b"","
"0","    lty = 6,"
"0","    lwd = 1,"
"0","    bty = ""n"","
"0","    ylim = c(0,450),"
"0","    xlab = ""weight"","
"0","    ylab = ""days after birth"""
"0","    "
"0","  )"
"0","}"
